http://news.gmw.cn/2016-03/21/content_19365790.htm,http://www.chinanews.com/gn/2013/05-09/4801791.shtml,河南现“5人村庄” 致我们行将消逝的自然村
http://m.gmw.cn/2016-03/02/content_19122831.htm,www.chinanews.com/gn/2013/05-09/4801791.shtml,河南现“5人村庄” 致我们行将消逝的自然村
http---m-gmw-cn-2016-03-02-content_19122831-htm,www.chinanews.com/gn/2013/05-09/4801791.shtml,河南现“5人村庄” 致我们行将消逝的自然村
http://reader.gmw.cn/2016-02/26/content_19052342.htm,http://news.sina.com.cn/o/2014-03-09/211129664998.shtml,冯骥才委员:非遗法实施近三年无一例执行案例
http://culture.gmw.cn/newspaper/2016-02/02/content_110989141_2.htm,,
http://edu.gmw.cn/newspaper/2016-01/29/content_110947090.htm,,
http://jcdj.gmw.cn/2016-01/29/content_18709707.htm,,
http://culture.gmw.cn/newspaper/2016-01/27/content_110898967.htm,,
http://reader.gmw.cn/2016-01/21/content_18598126.htm,www.chinanews.com/cul/2012/03-08/3729196.shtml,"冯骥才痛批文化产业园""假大空"" 很多都是为圈钱"
http---reader-gmw-cn-2016-01-21-content_18598126-htm,www.chinanews.com/cul/2012/03-08/3729196.shtml,"冯骥才痛批文化产业园""假大空"" 很多都是为圈钱"
http://edu.gmw.cn/newspaper/2016-01/17/content_110788762.htm,,
http://news.hexun.com/2016-01-10/181710721.html,e.chengdu.cn/html/2014-03/09/content_458070.htm,他们给总理报告提建议
http://news.gmw.cn/2015-12/25/content_18232811.htm,,
http://lady.gmw.cn/newspaper/2016-01/15/content_110766941.htm,http://theory.people.com.cn/GB/15513460.html,冯骥才：文化怎么自觉
http://culture.gmw.cn/newspaper/2015-12/23/content_110317891.htm,,
http://difang.gmw.cn/newspaper/2015-12/19/content_110266717.htm,http://news.gmw.cn/2014-03/09/content_10618752.htm,代表委员谈优秀传统文化的传承：塑造中国梦的文化之魂
http://tech.gmw.cn/newspaper/2015-12/19/content_110263075.htm,,
http://culture.gmw.cn/2015-12/17/content_18132677.htm,,
http://tech.gmw.cn/newspaper/2015-12/17/content_110239472.htm,http://news.gmw.cn/2014-03/15/content_10682768.htm,冯骥才为何反对“开发”文化？
http://tech.gmw.cn/newspaper/2015-12/17/content_110239824.htm,,
http://difang.gmw.cn/newspaper/2015-12/17/content_110231856.htm,,
http://tech.gmw.cn/newspaper/2015-12/17/content_110240588.htm,,
http://tech.gmw.cn/newspaper/2015-12/16/content_110227066.htm,,
http://tech.gmw.cn/newspaper/2015-12/16/content_110219814.htm,,
http://m.gmw.cn/2015-12/15/content_18097341.htm?uc_param_str=cpdnvefrpfssntbi,,
http://m.gmw.cn/2015-12/15/content_18097341.htm,,
http://difang.gmw.cn/2015-12/15/content_18098080.htm,http://cpc.people.com.cn/n/2013/0907/c64094-22839463.html,王岐山在天津市调研时强调：以优良党风政风带动社风民风
http://difang.gmw.cn/newspaper/2015-12/15/content_110210978.htm,,
http://difang.gmw.cn/newspaper/2015-12/15/content_110213453.htm,http://news.gmw.cn/2015-03/04/content_14987674.htm,为传统村落“建档”——访中国文联副主席冯骥才委员
http://legal.gmw.cn/2015-12/15/content_18096264.htm,,
http://news.gmw.cn/2015-12/14/content_18081615.htm,http://news.sina.com.cn/o/2013-03-19/051926570921.shtml,如何杜绝非遗立项造假
http://difang.gmw.cn/newspaper/2015-12/12/content_110166425.htm,,
http://world.gmw.cn/2015-12/03/content_17948674.htm,public.dha.ac.cn/content.aspx?id=689470865676,聚焦2015两会文化遗产保护的声音
http://liuxue.gmw.cn/2015-12/02/content_17939635.htm,,
http://reader.gmw.cn/2015-11/08/content_17652813.htm,,
http://liuxue.gmw.cn/2015-10/26/content_17489691.htm,,
http://pic.gmw.cn/cameramanplay/631956/3495362/0.html,,
http://pic.gmw.cn/cameramanplay/631956/3495362/0/1.html,,
http://news.hexun.com/2015-10-03/179615331.html,www.gd.xinhuanet.com/newscenter/2015-03/14/c_1114637084.htm,哭泣的文物，刺痛的文明
http://news.hexun.com/2015-09-30/179571795.html,news.xinhuanet.com/politics/2015lh/2015-03/13/c_1114630289.htm,冯骥才委员：国家要有文化眼光和战略
http://news.gmw.cn/2015-07/26/content_16422590.htm,,
http://legal.gmw.cn/2015-07/15/content_16300860.htm,,
http://edu.gmw.cn/2015-07/15/content_16300952.htm,,
http://reader.gmw.cn/2015-07/11/content_16265495.htm,http://cpc.people.com.cn/n/2014/0404/c83083-24824524.html,“我们的节日”主题活动十年回眸
http://difang.gmw.cn/newspaper/2015-06/29/content_107579597.htm,,
http://culture.gmw.cn/2015-07/15/content_16300822.htm,,
http://m.gmw.cn/2015-07/15/content_16301336_3.htm,,
http://culture.gmw.cn/2015-07/09/content_16239870_2.htm,,
http://news.gmw.cn/2015-06/23/content_16052410.htm,,
http://news.hexun.com/2015-06-18/176824526.html,,
http://culture.gmw.cn/2015-06/17/content_16011432.htm,http://www.cppcc.gov.cn/zxww/2012/03/05/ARTI1330927767179434.shtml,中国文联副主席冯骥才呼吁文化官员要考核文化?
http://culture.gmw.cn/newspaper/2015-06/17/content_107337393.htm,,
http://tech.gmw.cn/newspaper/2015-06/15/content_107292367.htm,,
http://politics.gmw.cn/2015-06/15/content_15984507.htm,http://www.gmw.cn/01gmrb/2006-12/21/content_525462.htm,别让历史文脉在我们手中断裂
http://culture.gmw.cn/newspaper/2015-06/15/content_107287754.htm,,
http://news.gmw.cn/2015-06/13/content_15968533.htm?from=groupmessage&isappinstalled=0,,
http://culture.gmw.cn/newspaper/2015-06/13/content_107267493.htm,,
http://news.gmw.cn/2015-06/13/content_15968533.htm,,
http://culture.gmw.cn/newspaper/2015-06/13/content_107266506.htm,,
http://tech.gmw.cn/newspaper/2015-06/08/content_107135959.htm,,
http://culture.gmw.cn/newspaper/2015-06/05/content_107084969.htm,,
http://news.hexun.com/2015-06-03/176417350.html,http://news.sohu.com/20120309/n337148527.shtml,冯骥才王健林开会争吵:民族价值观能否有“钱”
http://news.hexun.com/2015-06-02/176384246.html,,
http://difang.gmw.cn/newspaper/2015-05/29/content_106943165.htm,,
http://liuxue.gmw.cn/2015-05/26/content_15787239.htm,,
http://culture.gmw.cn/newspaper/2015-05/04/content_106360642.htm,http://epaper.xxsb.com/showNews/2015-03-05/217134.html,冯骥才：中国每天消失100个村落
http://edu.gmw.cn/newspaper/2015-04/29/content_106279474.htm,,
http://difang.gmw.cn/newspaper/2015-04/29/content_106270736.htm,,
http://m.gmw.cn/toutiao/2015-04/29/content_106279475.htm,,
http://culture.gmw.cn/newspaper/2015-04/25/content_106192481_2.htm,,
http://legal.gmw.cn/2015-04/22/content_15442022_2.htm,,
http://m.gmw.cn/2015-04/22/content_15440731_4.htm,,
http://culture.gmw.cn/2015-04/22/content_15440496.htm,,
http://difang.gmw.cn/newspaper/2015-04/04/content_105681871.htm,news.xinhuanet.com/book/2014-03/11/c_126248000.htm,冯骥才：口头文学无所不在我们拥有一座文学大山
http://news.hexun.com/2015-03-31/174567080.html,http://www.chinadaily.com.cn/hqgj/jryw/2012-03-06/content_5327052.html,人民有所呼、政府有所应
http://difang.gmw.cn/newspaper/2015-03/26/content_105437890.htm,http://culture.gmw.cn/2012-03/08/content_3729323.htm,冯骥才：建议把“申遗”变为“审遗”
http://difang.gmw.cn/newspaper/2015-03/24/content_105373473.htm,,
http://culture.gmw.cn/newspaper/2015-03/20/content_105292535.htm,http://news.china.com.cn/2014lianghui/2014-03/03/content_31657405.htm,全国政协委员冯骥才：建议恢复除夕放假
http---culture-gmw-cn-newspaper-2015-03-20-content_105292535-htm,http://news.china.com.cn/2014lianghui/2014-03/03/content_31657405.htm,全国政协委员冯骥才：建议恢复除夕放假
http://edu.gmw.cn/2015-03/19/content_15148009.htm,,
http://difang.gmw.cn/newspaper/2015-03/19/content_105259989.htm,,
http://culture.gmw.cn/newspaper/2015-03/18/content_105248446.htm,www.chinanews.com/cul/2014/01-10/5719440.shtml,冯骥才：我不会用生命的“下脚料”去应付写作
http://politics.gmw.cn/2015-03/17/content_15121282.htm,,
http://culture.gmw.cn/newspaper/2015-03/17/content_105207733.htm,,
http://culture.gmw.cn/newspaper/2015-03/17/content_105205611.htm,,
http://culture.gmw.cn/newspaper/2015-03/17/content_105207733_2.htm,,
http://culture.gmw.cn/newspaper/2015-03/16/content_105181182.htm,,
http://difang.gmw.cn/newspaper/2015-03/15/content_105151436.htm,,
http://culture.gmw.cn/newspaper/2015-03/14/content_105148344.htm,,
http://difang.gmw.cn/newspaper/2015-03/14/content_105141052.htm,,
http://difang.gmw.cn/newspaper/2015-03/14/content_105141813.htm,,
http://culture.gmw.cn/newspaper/2015-03/14/content_105139467.htm,,
http://politics.gmw.cn/2015-03/14/content_15102623.htm,www.js.chinanews.com/news/2014/1128/101708.html,苏州民博会：让民间工艺自信登台
http://difang.gmw.cn/newspaper/2015-03/13/content_105133166.htm,,
http://tech.gmw.cn/newspaper/2015-03/13/content_105114475.htm,,
http://difang.gmw.cn/newspaper/2015-03/12/content_105098033.htm,,
http://tech.gmw.cn/newspaper/2015-03/12/content_105080330.htm,,
http://culture.gmw.cn/2015-03/12/content_15079097.htm,,
http://guancha.gmw.cn/2015-03/11/content_15069580.htm,,
http://travel.gmw.cn/2015-03/10/content_15055820.htm,paper.people.com.cn/rmrbhwb/html/2015-03/10/content_1540962.htm,应为北京传统村落建档案
http://theory.gmw.cn/2015-03/08/content_15032762.htm,,
http://theory.gmw.cn/2015-03/06/content_15017734.htm,http://news.china.com.cn/2014lianghui/2014-03/09/content_31724728.htm,"冯骥才:传统村落最大问题是""空巢化"" 没保护经费"
http://culture.gmw.cn/2015-03/06/content_15017781.htm,,
http://politics.gmw.cn/2015-03/06/content_15014839.htm,blog.sina.com.cn/s/blog_519169510101kryf.html,钟秉林：我国教育的主要矛盾就是优质教育资源短缺
http://v.gmw.cn/2015-03/05/content_15009044.htm,,
http://news.gmw.cn/2015-03/04/content_14987674.htm,,
http://culture.gmw.cn/2015-03/04/content_14992856.htm,news.sina.com.cn/o/2012-12-28/092225915986.shtml,“小窗花”剪出“大影响”的阜阳传统剪纸业
http://culture.gmw.cn/2015-03/03/content_14980528.htm,,
http://culture.gmw.cn/2015-03/03/content_14980430.htm,,
http://politics.gmw.cn/2015-03/03/content_14976582.htm,,
http://guancha.gmw.cn/2015-02/26/content_14920691.htm,,
http://difang.gmw.cn/newspaper/2015-02/23/content_104694610.htm,,
http://theory.gmw.cn/2015-02/23/content_14902209_2.htm,,
http://legal.gmw.cn/2015-02/09/content_14786431.htm,,
http://guancha.gmw.cn/2015-02/08/content_14778866.htm,http://cul.china.com.cn/minsu/2011-05/17/content_4204573.htm,滑县木版年画中州大地上被遗忘的辉煌
http://culture.gmw.cn/newspaper/2015-02/08/content_104426953.htm,,
http://legal.gmw.cn/2015-02/07/content_14772536_2.htm,,
http://edu.gmw.cn/newspaper/2015-01/26/content_104064071.htm,,
http://123.gmw.cn/2015-01/14/content_14516196_2.htm,,
http://edu.gmw.cn/newspaper/2015-01/12/content_103647101.htm,,
http://difang.gmw.cn/newspaper/2014-12/17/content_102946282.htm,,
http://edu.gmw.cn/newspaper/2014-12/14/content_102868711.htm,,
http://life.gmw.cn/2014-12/08/content_14096955.htm,http://culture.people.com.cn/n/2014/1016/c87423-25844402.html,习近平主持召开文艺工作座谈会强调：坚持以人民为中心的创作导向
http---life-gmw-cn-2014-12-08-content_14096955-htm,http://culture.people.com.cn/n/2014/1016/c87423-25844402.html,习近平主持召开文艺工作座谈会强调：坚持以人民为中心的创作导向
http://difang.gmw.cn/newspaper/2014-11/28/content_102343177_2.htm,,
http://edu.gmw.cn/newspaper/2014-11/21/content_102142491.htm,,
http://edu.gmw.cn/newspaper/2014-11/17/content_102042249.htm,,
http://culture.gmw.cn/newspaper/2014-10/27/content_101662497.htm,,
http://culture.gmw.cn/newspaper/2014-10/16/content_101465329.htm,gb.cri.cn/42071/2014/03/09/4865s4455797.htm,冯骥才：有关部门和地方政府不作为是文化遗产保护的最大问题
http://tech.gmw.cn/newspaper/2014-10/16/content_101455769.htm,,
http://culture.gmw.cn/2014-10/13/content_13523831.htm,,
http://culture.gmw.cn/2014-10/11/content_13502589.htm,,
http://culture.gmw.cn/2014-10/10/content_13495103.htm,,
http://m.gmw.cn/2014-10/02/content_13435881.htm,,
http://culture.gmw.cn/newspaper/2014-10/01/content_101251159.htm,,
http://culture.gmw.cn/newspaper/2014-10/01/content_101250759.htm,,
http://tech.gmw.cn/newspaper/2014-09/26/content_101147025.htm,,
http://china.cankaoxiaoxi.com/2014/0911/492596.shtml,news.sohu.com/20140310/n396303959.shtml,冯骥才：《非遗法》公布3年就是一纸空文
http://tech.gmw.cn/newspaper/2014-09/02/content_100289289.htm,,
http://edu.gmw.cn/2014-08/26/content_12782588.htm,,
http://legal.gmw.cn/2014-08/04/content_12344318.htm,,
http---legal-gmw-cn-2014-08-04-content_12344753-htm,http://opinion.people.com.cn/n/2013/0911/c1003-22879774.html,新京报：反对“奢靡节庆” 回归节日之本
http://legal.gmw.cn/2014-08/04/content_12344753.htm,http://opinion.people.com.cn/n/2013/0911/c1003-22879774.html,新京报：反对“奢靡节庆” 回归节日之本
http://legal.gmw.cn/2014-08/04/content_12345416.htm,,
http://meiwen.gmw.cn/2014-07/24/content_12151739.htm,http://www.chinatoday.com.cn/chinese/society/zxzgr/201506/t20150618_800034291.html,冯骥才：村落村落！立档调查！
http://culture.gmw.cn/2014-06/23/content_11694513.htm,,
http://reader.gmw.cn/2014-05/20/content_11369753.htm,,
http://gmw.cn/sixiang/2014-04/24/content_11128081.htm,,
http://topics.gmw.cn/2014-03/26/content_10802219.htm,,
http://reader.gmw.cn/2014-03/13/content_10667123.htm,www.chinanews.com/cul/2015/06-25/7366731.shtml,中央美术学院成立丝绸之路艺术研究协同创新中心
http://news.gmw.cn/2014-03/14/content_10669937_3.htm,,
http://reader.gmw.cn/2014-03/12/content_10655768.htm,,
http://culture.gmw.cn/2014-03/11/content_10642839.htm,,
http://news.gmw.cn/2014-03/10/content_10629031.htm,,
http://news.gmw.cn/newspaper/2014-03/10/content_2989428.htm,,
http://reader.gmw.cn/2014-03/10/content_10627302.htm,www.chinanews.com/cul/2012/10-26/4280280.shtml,鲁迅文化基金会在京成立鲁迅长孙周令飞任秘书长
http://news.gmw.cn/newspaper/2014-03/10/content_2989702.htm,,
http://news.gmw.cn/newspaper/2014-03/10/content_2989885.htm,,
http://politics.gmw.cn/2014-03/09/content_10620761.htm,,
http://news.gmw.cn/2014-03/09/content_10618752.htm,,
http://politics.gmw.cn/2014-03/09/content_13927181.htm,photo.china.com.cn/2015lh/2015-03/11/content_35022212.htm,冯骥才:保护古村落留给我们无处安放的乡愁
http://politics.gmw.cn/2014-03/09/content_10620437.htm,,
http://politics.gmw.cn/2014-03/09/content_10620240.htm,,
http://culture.gmw.cn/2014-03/05/content_10633769.htm,,
http://legal.gmw.cn/2014-03/04/content_10573682.htm,,
http://politics.gmw.cn/2014-03/03/content_10562802.htm,news.xinhuanet.com/politics/2015-11/07/c_1117071138.htm,专访冯骥才:躺在市场里的文化只能向市场妥协
http---politics-gmw-cn-2014-03-03-content_10562802-htm,news.xinhuanet.com/politics/2015-11/07/c_1117071138.htm,专访冯骥才:躺在市场里的文化只能向市场妥协
http://www.gmw.cn/media/2014-02/07/content_10292046.htm,epaper.bjnews.com.cn/html/2014-03/10/content_499012.htm?div=-1,“80%以上非遗没有专家保护”
http://reader.gmw.cn/2014-02/03/content_10281916.htm,,
http://news.gmw.cn/2014-01/20/content_10161099.htm,,
http://news.gmw.cn/newspaper/2014-01/11/content_2745715.htm,,
http://www.gmw.cn/media/2014-01/10/content_10076998.htm,,
http://e.gmw.cn/2014-01/10/content_10085062.htm,,
http://difang.gmw.cn/bj/2013-12/23/content_9901244_2.htm,,
http://news.gmw.cn/2013-10/21/content_9229383.htm,,
http://news.gmw.cn/2013-10/11/content_9140440.htm,www.thepaper.cn/baidu.jsp?contid=1292721,冯骥才：一手撑外面的世界，一手写自己的文章
http://guancha.gmw.cn/2013-09/11/content_8866660.htm,,
http://culture.gmw.cn/2013-08/09/content_8556657.htm,,
http://news.gmw.cn/newspaper/2013-07/25/content_1843157.htm,cechss.cssn.cn/st/st_whdgy/201401/t20140129_956294.shtml,年文化要有传承有创新
http://www.gmw.cn/media/2013-07/15/content_8278386.htm,,
http://gmw.cn/media/2013-07/15/content_8278386.htm,,
http://news.gmw.cn/newspaper/2013-07/13/content_1769755.htm,gb.cri.cn/42071/2014/03/09/4865s4455797.htm,冯骥才：有关部门和地方政府不作为是文化遗产保护的最大问题
http://culture.gmw.cn/2013-07/13/content_8269162.htm,http://art.people.com.cn/n/2014/0311/c206244-24597383.html,冯骥才：国家非遗法成了一纸空文
http://news.gmw.cn/newspaper/2013-07/13/content_1770199.htm,,
http://news.gmw.cn/newspaper/2013-07/13/content_1769776.htm,,
http://www.gmw.cn/media/2013-07/12/content_8265528.htm,,
http://culture.gmw.cn/2013-07/12/content_8265565.htm,www.cflac.org.cn/ys./mjqy/mjqyzx/201111/t20111118_23501_1.html,中国文艺网-木版年画硕果如花学者艺人共话申遗
http://shuhua.gmw.cn/2013-07/05/content_8188890.htm,,
http://culture.gmw.cn/2013-06/28/content_8444835.htm,,
http://culture.gmw.cn/2013-06/28/content_8106366.htm,,
http://news.gmw.cn/newspaper/2013-06/21/content_1625317.htm,,
http://www.gmw.cn/sixiang/2013-06/08/content_7908102_3.htm,http://www.guoxue.com/?p=20863,传统村落立档项目启动
http://news.gmw.cn/newspaper/2013-06/04/content_1504657.htm,,
http://difang.gmw.cn/sx/2013-05/24/content_7742269.htm,news.sohu.com/20150310/n409552284.shtml,中国文联副主席：应彻底把官员从协会里请出去
http---difang-gmw-cn-sx-2013-05-24-content_7742269-htm,news.sohu.com/20150310/n409552284.shtml,中国文联副主席：应彻底把官员从协会里请出去
http://culture.gmw.cn/2013-05/10/content_7592192.htm,newspaper.jcrb.com/html/2015-01/05/content_176271.htm,他们的声音，法治的进步
http://news.gmw.cn/newspaper/2013-03/20/content_1170934.htm,,
http://culture.gmw.cn/2013-02/15/content_6693452.htm,,
http://culture.gmw.cn/2013-01/25/content_6513491.htm,,
http://culture.gmw.cn/2013-01/14/content_6358141.htm,news.xtu.edu.cn/html/meitixd/show_7518.html,【中国新闻网】网络评论数最多的提案议案
http---culture-gmw-cn-2013-01-14-content_6358141-htm,news.xtu.edu.cn/html/meitixd/show_7518.html,【中国新闻网】网络评论数最多的提案议案
http://politics.gmw.cn/2013-01/14/content_6367046.htm,,
http://culture.gmw.cn/2013-01/11/content_6338945.htm,,
http://culture.gmw.cn/2012-11/12/content_5645972.htm,epaper.jinghua.cn/html/2015-03/12/content_176476.htm,社会较为浮躁太多人想发财
http://culture.gmw.cn/2012-11/09/content_5623815.htm,www.chinanews.com/cul/2014/01-11/5724822.shtml,冯骥才盼出版民间“口头文学”
http://politics.gmw.cn/2012-11/05/content_5579246.htm,www.chinanews.com/cul/2012/03-08/3729125.shtml,冯骥才称民族价值观不能有钱字
http://politics.gmw.cn/2012-11/05/content_5579047.htm,,
http://politics.gmw.cn/2012-11/05/content_5578994.htm,,
http://guancha.gmw.cn/2012-10/29/content_5508955.htm,,
http://reader.gmw.cn/2012-10/27/content_5501814.htm,,
http://culture.gmw.cn/2012-10/25/content_5485288.htm,,
http://guancha.gmw.cn/2012-10/22/content_5447324.htm,http://epaper.gmw.cn/gmrb/html/2012-04/03/nw.D110000gmrb_20120403_6-02.htm?div=-1,开封：清明文化节展现宋韵春色
http://edu.gmw.cn/2012-10/22/content_5443819.htm,,
http://difang.gmw.cn/sx/2012-10/11/content_5336475.htm,epaper.bjnews.com.cn/html/2013-06/28/content_443606.htm?div=0,冯骥才“我有一种思想的孤独感”
http://difang.gmw.cn/sx/2012-10/11/content_5336445.htm,www.chinanews.com/cul/2015/06-23/7359607.shtml,冯骥才：传统村落保护最终问题是要“留得住人”
http://culture.gmw.cn/2012-08/27/content_4900705.htm,,
http://difang.gmw.cn/sunan/2012-08/22/content_4862431.htm,,
http://culture.gmw.cn/2012-08/01/content_4687621_2.htm,http://paper.jzxww.com.cn/jzrb/html/2015-06/17/content_47537.htm,在继承中求发展 在创新中求突破
http://culture.gmw.cn/2012-06/21/content_4393347.htm,,
http://culture.gmw.cn/2012-06/06/content_4290344.htm,newspaper.jfdaily.com/xwcb/html/2015-07/15/content_113082.htm,耒阳市文联主席怒砸网站电脑被停职
http---culture-gmw-cn-2012-06-06-content_4290344-htm,newspaper.jfdaily.com/xwcb/html/2015-07/15/content_113082.htm,耒阳市文联主席怒砸网站电脑被停职
http://www.gmw.cn/sixiang/2012-05/25/content_4213583.htm?utm_campaign=bshare&utm_medium=sinaminiblog&bsh_bid=96356811,,
http://shuhua.gmw.cn/2012-05/22/content_4190462_2.htm,,
http://shuhua.gmw.cn/2012-05/22/content_4190462.htm,,
http://culture.gmw.cn/2012-05/08/content_4110882.htm,,
http://culture.gmw.cn/2012-05/03/content_4077924.htm,http://news.sina.com.cn/c/2012-10-22/051925407718.shtml,冯骥才：每天消失近百个村落
http://culture.gmw.cn/2012-04/27/content_4047069.htm,,
http://difang.gmw.cn/sx/2012-03/30/content_3876357.htm,,
http://theory.gmw.cn/2012-03/10/content_3738369.htm,,
http://culture.gmw.cn/2012-03/08/content_3729525.htm,www.chinanews.com/cul/2012/03-09/3730068.shtml,文化产业园陷入圈地怪圈？冯骥才：避免大跃进
http://culture.gmw.cn/2012-03/08/content_3729456.htm,http://finance.cnr.cn/gs/201203/t20120308_509261746.shtml,聚焦文化产业大发展隐忧：需尊重文化发展规律
http---culture-gmw-cn-2012-03-08-content_3729456-htm,http://finance.cnr.cn/gs/201203/t20120308_509261746.shtml,聚焦文化产业大发展隐忧：需尊重文化发展规律
http://topics.gmw.cn/2012-03/08/content_3728945.htm,,
http://culture.gmw.cn/2012-03/07/content_3722344.htm,,
http://culture.gmw.cn/2012-02/10/content_3547967.htm,,
http://culture.gmw.cn/2012-01/13/content_3382203.htm,http://www.chinanews.com/life/news/2010/04-06/2208125.shtml,清明节退化成普通假日冯骥才呼吁保护传统文化
http://difang.gmw.cn/bj/2011-11/25/content_3047327.htm,,
http://culture.gmw.cn/2011-11/21/content_2911330.htm,,
http://culture.gmw.cn/2011-11/21/content_2911330_2.htm,,
http://culture.gmw.cn/2011-11/16/content_2983214.htm,,
http://culture.gmw.cn/2011-11/10/content_2944001.htm,,
http://topics.gmw.cn/2011-11/09/content_2938310.htm,,
http://www.gmw.cn/sixiang/2011-11/02/content_2896010.htm,,
http://culture.gmw.cn/2011-08/28/content_2544365.htm,,
http://culture.gmw.cn/2011-08/26/content_2537994.htm,,
http://theory.gmw.cn/2011-08/26/content_2538013_2.htm,,
http://culture.gmw.cn/2011-08/12/content_2444930.htm,http://lianghui.people.com.cn/2014cppcc/n/2014/0309/c382373-24578820.html,冯骥才：我对文化遗产保护忧大于喜有关部门不作为是最大问题
http://guancha.gmw.cn/2011-08/11/content_2439953.htm,,
http://history.gmw.cn/2011-07/29/content_2363725.htm,,
http://culture.gmw.cn/2011-05/17/content_1968054.htm,,
http://culture.gmw.cn/2011-04/25/content_1880672.htm,,
http://culture.gmw.cn/2011-04/17/content_1843079.htm,,
http://culture.gmw.cn/2011-04/07/content_1801953.htm,http://finance.sina.com.cn/stock/t/20120305/112211514595.shtml,冯骥才：活熊取胆有悖现代文明
http://guancha.gmw.cn/2011-03/14/content_1715080.htm,,
http://culture.gmw.cn/2011-03/11/content_1704155.htm,www.zbs.cn/index.php/news/newsxx/id/193,赵本山出任央视2014春晚副总导演兼语言类节目总监
http://culture.gmw.cn/2011-03/11/content_1704120.htm,,
http://topics.gmw.cn/2011-03/10/content_1698898.htm,epaper.jinghua.cn/html/2015-04/22/content_191992.htm,拆迁中消逝的文物
http://topics.gmw.cn/2011-03/10/content_1701789.htm,http://news.enorth.com.cn/system/2013/03/24/010778971.shtml,今晚报大厦最大汉字墙19米高纯手工紫铜浮雕墙
http---topics-gmw-cn-2011-03-10-content_1701789-htm,http://news.enorth.com.cn/system/2013/03/24/010778971.shtml,今晚报大厦最大汉字墙19米高纯手工紫铜浮雕墙
http://topics.gmw.cn/2011-03/10/content_1701491.htm,,
http://topics.gmw.cn/2011-03/06/content_1681053.htm,,
http://culture.gmw.cn/2011-01/31/content_1588245.htm,,
http://topics.gmw.cn/2011-01/31/content_1587830_2.htm,,
http://topics.gmw.cn/2011-01/28/content_1580321.htm,http://culture.gmw.cn/2008-05/29/content_782245.htm,冯骥才倡建地震博物馆
http---topics-gmw-cn-2011-01-28-content_1580321-htm,http://culture.gmw.cn/2008-05/29/content_782245.htm,冯骥才倡建地震博物馆
http://topics.gmw.cn/2011-01/28/content_1579583_2.htm,,
http://www.gmw.cn/sixiang/2010-12/14/content_1466494.htm,http://news.sina.com.cn/m/news/roll/2013-05-07/101527048070.shtml,梅花赋——中国当代著名画家主题作品邀请展预告
http---www-gmw-cn-sixiang-2010-12-14-content_1466494-htm,http://news.sina.com.cn/m/news/roll/2013-05-07/101527048070.shtml,梅花赋——中国当代著名画家主题作品邀请展预告
http://culture.gmw.cn/2010-10/28/content_1341621.htm,http://epaper.jwb.com.cn/jwb/html/2015-02/23/content_6_2.htm,《天津老明星》明签售
http---culture-gmw-cn-2010-10-28-content_1341621-htm,http://epaper.jwb.com.cn/jwb/html/2015-02/23/content_6_2.htm,《天津老明星》明签售
http://culture.gmw.cn/2010-09/21/content_1267877.htm,,
http://guancha.gmw.cn/2010-09/15/content_1256573.htm,,
http://www.gmw.cn/01gmrb/2010-05/17/content_1122220.htm,,
http://theory.gmw.cn/2010-04/18/content_1091781.htm,,
http://www.gmw.cn/01gmrb/2010-04/06/content_1085989.htm,,
http://www.gmw.cn/01gmrb/2010-04/06/content_1085965.htm,,
http://www.gmw.cn/01gmrb/2010-03/31/content_1082701.htm,,
http://www.gmw.cn/01gmrb/2010-03/11/content_1069506.htm,,
http://culture.gmw.cn/2010-03/11/content_1069834.htm,,
http://www.gmw.cn/01gmrb/2010-03/06/content_1066083.htm,,
http://culture.gmw.cn/2010-03/05/content_1065728.htm,newspaper.jcrb.com/html/2014-03/10/content_154280.htm,实施近三年竟无一例执法案例
http://www.gmw.cn/02sz/2009-11/01/content_1053467.htm,,
http://www.gmw.cn/01gmrb/2009-10/03/content_991358.htm,http://www.chinanews.com/df/z/jiexiu/,
http://culture.gmw.cn/2009-08/26/content_970127.htm,,
http://www.gmw.cn/01gmrb/2009-06/30/content_942006.htm,,
http://culture.gmw.cn/2009-06/30/content_942113.htm,,
http://www.gmw.cn/01wzb/2009-03/12/content_897151.htm,http://culture.ifeng.com/a/20151217/46711852_0.shtml,冯骥才出新作《俗世奇人贰》：近些年亏欠文学的太多
http://www.gmw.cn/01gmrb/2008-12/15/content_869115.htm,,
http://www.gmw.cn/01gmrb/2008-10/09/content_846122.htm,,
http://www.gmw.cn/01gmrb/2008-09/27/content_842696.htm,,
http://www.gmw.cn/01ds/2008-09/03/content_832130.htm,,
http://www.gmw.cn/01gmrb/2008-08/12/content_821023.htm,,
http://culture.gmw.cn/2008-06/04/content_785586.htm,http://daily.cnnb.com.cn/nbrb/html/2015-04/04/content_850430.htm?div=-1,《千年望族慈城冯家》 昨首发
http://culture.gmw.cn/2008-05/29/content_782245.htm,,
http://www.gmw.cn/01gmrb/2008-04/15/content_761413.htm,,
http://www.gmw.cn/01gmrb/2008-04/03/content_756619.htm,,
http://www.gmw.cn/01gmrb/2008-02/17/content_735218.htm,http://m.news.cntv.cn/2016/02/09/ARTIk7Uu81syMEHTlTAX0xl6160209.shtml,看春晚之冯骥才：年俗在变年的盛情未改
http://www.gmw.cn/01gmrb/2008-02/15/content_734750.htm,,
http://www.gmw.cn/01gmrb/2008-02/14/content_733899.htm,,
http://www.gmw.cn/01gmrb/2008-01/21/content_725163.htm,,
http://www.gmw.cn/01gmrb/2007-12/21/content_713676.htm,,
http://www.gmw.cn/01gmrb/2007-12/01/content_704699.htm,,
http://www.gmw.cn/01wzb/2007-11/11/content_695840.htm,,
http://culture.gmw.cn/2007-10/30/content_690600.htm,,
http://www.gmw.cn/01gmrb/2007-09/26/content_676191.htm,,
http://www.gmw.cn/02sz/2007-08/01/content_676114.htm,,
http://www.gmw.cn/01wzb/2007-06/14/content_623250.htm,,
http://reader.gmw.cn/2007-06/13/content_622471.htm,,
http://www.gmw.cn/01ds/2007-06/06/content_618868.htm,,
http://www.gmw.cn/01gmrb/2007-06/04/content_617034.htm,,
http://culture.gmw.cn/2007-06/04/content_617197.htm,newspaper.jcrb.com/html/2015-03/12/content_181246.htm,文艺发展须祛除腐败雾霾
http://www.gmw.cn/01gmrb/2007-03/05/content_563438.htm,,
http://www.gmw.cn/01ds/2007-01/10/content_534262.htm,,
http://culture.gmw.cn/2006-12/21/content_525604.htm,,
http://www.gmw.cn/01gmrb/2006-07/06/content_445244.htm,,
http://www.gmw.cn/01gmrb/2006-06/10/content_431046.htm,,
http://culture.gmw.cn/2006-06/10/content_431199.htm,,
http://www.gmw.cn/01gmrb/2006-04/23/content_408433.htm,epaper.jinghua.cn/html/2015-03/12/content_176476.htm,社会较为浮躁太多人想发财
http://www.gmw.cn/01gmrb/2006-03/18/content_390681.htm,,
http://www.gmw.cn/01gmrb/2006-03/08/content_385007.htm,news.xinhuanet.com/politics/2013-09/09/c_117282598.htm,冯骥才：刹住奢靡之风体现节日精神和真正内涵
http://www.gmw.cn/01gmrb/2006-01/04/content_355249.htm,,
http://culture.gmw.cn/2006-01/04/content_355580.htm,http://hnccps.net/shownews.asp?art_id=38,《我的父亲母亲——老后的大山情结》 摄影展成功举办
http://www.gmw.cn/01ds/2005-10/19/content_319440.htm?bsh_bid=148789909,e.chengdu.cn/html/2013-03/18/content_385308.htm,“再现历史辉煌”别让功利遮望眼
http://www.gmw.cn/01ds/2005-10/19/content_319440.htm,,
http://www.gmw.cn/01gmrb/2005-10/18/content_318442.htm,,
http://www.gmw.cn/01ds/2005-06/08/content_248782.htm,,
http://www.gmw.cn/01ds/2005-05/25/content_239822.htm,,
http://www.gmw.cn/01ds/2004-08/04/content_71614.htm,,
http://www.gmw.cn/01gmrb/2004-02/21/05-8107094C40441F9348256E4000834311.htm,,
http://www.gmw.cn/01ds/2004-01/07/03-8DD27A3BBAF0DABA48256E14000420AC.htm,,
http://www.gmw.cn/01gmrb/2003-11/12/17-081A9E8FCC3E28C848256DDB007FABB9.htm,,
http://www.gmw.cn/01gmrb/2003-02/14/01-101997668FB1BA8C48256CCC007FB812.htm,,
http://www.gmw.cn/01gmrb/2002-11/13/01-1446C8131168545B48256C6F008014E3.htm,,
http://www.gmw.cn/01gmrb/2002-10/10/08-A32E60528DA1078448256C4E00003CD8.htm,,
http://www.gmw.cn/01gmrb/2002-06/05/05-4260F023E36E627748256BCF0001F07A.htm,,
http://www.gmw.cn/01gmrb/2001-12/23/01-98383B1850E264B148256B2B00079E83.htm,,
http://www.gmw.cn/01gmrb/2001-12/19/05-40DF0AF78A3D567F48256B270002A31D.htm,news.xinhuanet.com/2015-12/14/c_1117451817.htm,官员变身“壶哥”“玉王” “雅官”背后藏几多“雅虎”？
http://www.gmw.cn/01gmrb/2001-12/19/17-105B029C20091ECD48256B270001D3DA.htm,,
http://www.gmw.cn/01gmrb/2001-07/19/01-F5040C2DCB9DBA3048256A8D007F3435.htm,,
http://www.gmw.cn/01gmrb/2001-07/05/02-ED6649AA3C9B507948256A7F00825D70.htm,,
http://www.gmw.cn/01ds/2001-03/28/GB/2001^344^0^DS909.htm,,
http://www.gmw.cn/01gmrb/2000-03/05/GB/03^18350^0^GMA2-009.htm,,
http://www.gmw.cn/01ds/2000-03/01/GB/2000^289^0^DS1006.htm,,
http://www.gmw.cn/01gmrb/2000-01/28/GB/01^18315^0^GMA1-212.htm,,
http://www.gmw.cn/01ds/1998-11/11/GB/224^DS507.htm,,
http://www.gmw.cn/01ds/1998-08/26/GB/213^DS1405.htm,,
http://www.gmw.cn/01ds/1998-04/29/GB/196^DS1012.htm,http://zzrb.zynews.cn/html/2015-03/16/content_643274.htm,若家乡都不存在了，哪儿去承载乡愁
http://www.gmw.cn/01ds/1998-03/25/GB/191^DS806.htm,,
http://www.gmw.cn/01gmrb/1998-02/18/GB/17607^GM4-1803.HTM,http://2011lianghui.people.com.cn/GB/214392/14109737.html,冯骥才：文化遗产抢救是时代性使命 社会转型期最重要是传承
http://culture.gmw.cn/newspaper/2016-02/15/content_111069411.htm,,
http://tech.gmw.cn/newspaper/2015-12/17/content_110244093.htm,www.chinanews.com/df/2012/05-14/3884580.shtml,张家口纪行：绿色崛起，塞外古城艰难转身
http---tech-gmw-cn-newspaper-2015-12-17-content_110244093-htm,www.chinanews.com/df/2012/05-14/3884580.shtml,张家口纪行：绿色崛起，塞外古城艰难转身
http://tech.gmw.cn/newspaper/2015-12/16/content_110228601.htm,,
http://difang.gmw.cn/newspaper/2015-12/12/content_110176287.htm,,
http://culture.gmw.cn/newspaper/2015-11/08/content_109795511.htm,,
http://culture.gmw.cn/newspaper/2015-09/18/content_109283919.htm,,
http://www.cankaoxiaoxi.com/china/20150709/844717.shtml,http://book.sina.com.cn/news/a/2014-08-29/0821662245.shtml,冯骥才谈“月饼腐败”：节日内涵被糟蹋变味
http---www-cankaoxiaoxi-com-china-20150709-844717-shtml,http://book.sina.com.cn/news/a/2014-08-29/0821662245.shtml,冯骥才谈“月饼腐败”：节日内涵被糟蹋变味
http://edu.gmw.cn/newspaper/2015-06/26/content_107516897.htm,,
http://culture.gmw.cn/newspaper/2015-06/03/content_107040332.htm,,
http://culture.gmw.cn/newspaper/2015-04/15/content_105949055.htm,http://gb.cri.cn/27824/2012/03/08/2625s3591745.htm,中国政协委员呼吁加强文化遗产保护工作
http://culture.gmw.cn/newspaper/2015-04/04/content_105682229.htm,,
http://culture.gmw.cn/newspaper/2015-03/18/content_105224444.htm,www.chinanews.com/tw/2011/04-02/2948196.shtml,两岸专家学者：弘扬中华文化须推动全民文化自觉
http://difang.gmw.cn/newspaper/2015-03/14/content_105148386.htm,,
http://politics.gmw.cn/2015-03/13/content_15088086.htm,www.cflac.org.cn/gn/201307/t20130731_210418.html,中国文艺网-江苏镇江葛村拆迁风波调查
http://culture.gmw.cn/2015-03/10/content_15051469.htm,,
http://news.gmw.cn/2015-02/17/content_14878495.htm,,
http://edu.gmw.cn/newspaper/2015-01/06/content_103491004.htm,www.chinanews.com/gn/2014/03-09/5927886.shtml,冯骥才：文化产业需要特定的文化创新
http---edu-gmw-cn-newspaper-2015-01-06-content_103491004-htm,www.chinanews.com/gn/2014/03-09/5927886.shtml,冯骥才：文化产业需要特定的文化创新
http://politics.gmw.cn/2014-11/10/content_13798638.htm,,
http://culture.gmw.cn/newspaper/2014-10/12/content_101382270.htm,www.chinanews.com/cul/2013/03-13/4640386.shtml,冯骥才谈“中国梦”：无关GDP 应是文明高度发展
http://politics.gmw.cn/2014-03/09/content_10620806.htm,,
http://life.gmw.cn/2014-02/07/content_10296176_2.htm,http://news.sina.com.cn/o/2014-04-01/103729839761.shtml,走出湘西的苗画——记保靖民间工艺大师梁德颂
http://shuhua.gmw.cn/2013-10/10/content_9124429.htm,http://www.zj.xinhuanet.com/2015-07/20/c_1115979346.htm,冯骥才探访蚌埠古民居:仅有名录保护是不够的
http---shuhua-gmw-cn-2013-10-10-content_9124429-htm,http://www.zj.xinhuanet.com/2015-07/20/c_1115979346.htm,冯骥才探访蚌埠古民居:仅有名录保护是不够的
http://politics.gmw.cn/2013-09/10/content_8858998.htm,,
http://news.gmw.cn/newspaper/2012-10/22/content_1046191.htm,,
http://culture.gmw.cn/2011-11/25/content_3047258.htm,,
http://culture.gmw.cn/2012-10/29/content_5511515.htm,http://news.china.com.cn/2014lianghui/2014-03/03/content_31657405.htm,全国政协委员冯骥才：建议恢复除夕放假
http://legal.gmw.cn/2016-02/11/content_18847507.htm,,
http://life.gmw.cn/2015-02/08/content_14776768.htm,,
http://politics.gmw.cn/2015-03/12/content_15079144.htm,,
http://news.gmw.cn/newspaper/2013-11/08/content_2390217.htm,,
http://legal.gmw.cn/2015-12/15/content_18100174.htm,,
http://culture.gmw.cn/newspaper/2014-09/23/content_101069480.htm,http://news.sohu.com/20150310/n409552284.shtml,中国文联副主席：应彻底把官员从协会里请出去
http://news.gmw.cn/newspaper/2013-07/13/content_1771057.htm,,
http://edu.gmw.cn/newspaper/2015-07/13/content_107836315.htm,,
http://life.gmw.cn/2014-08/04/content_12344843.htm,http://news.jcrb.com/jxsw/201503/t20150323_1489544.html,中国11年消失村落90万个 代表委员:制定传统村落保护法
http---life-gmw-cn-2014-08-04-content_12344843-htm,http://news.jcrb.com/jxsw/201503/t20150323_1489544.html,中国11年消失村落90万个 代表委员:制定传统村落保护法
http://culture.gmw.cn/2014-03/19/content_10807975.htm,http://www.chinanews.com/sh/2016/02-18/7763341.shtml,情人节后的那个晚上 武松墓前撒满玫瑰花瓣
http://shuhua.gmw.cn/2011-09/07/content_2600187.htm,http://travel.people.com.cn/n/2014/1208/c41570-26166545.html,网民热议除夕放假安排 七成网民希望从除夕放到初二
content_summary_http---shuhua-gmw-cn-2011-09-07-content_2600187-htm,http://travel.people.com.cn/n/2014/1208/c41570-26166545.html,网民热议除夕放假安排 七成网民希望从除夕放到初二
http://dangjian.gmw.cn/2016-01/29/content_18709707.htm,http://news.sina.com.cn/c/sd/2012-03-14/094324113053.shtml,两会代表回应六大民生热点 稳定物价最受关注
http://news.hexun.com/2015-06-02/176395971.html,,
http://life.gmw.cn/2014-11/03/content_13735070.htm,,
http://culture.gmw.cn/newspaper/2015-12/02/content_110048868.htm,,
http://china.cankaoxiaoxi.com/2014/0929/513119.shtml,,
http://news.gmw.cn/newspaper/2013-09/11/content_2095259.htm,http://www.cflas.com.cn/mx/news/DFMX/8a814da25075d8610151674b14cc184d.html,第十二届中国民间文艺山花奖揭晓
http://meiwen.gmw.cn/2012-05/18/content_4171881.htm,http://www.chinanews.com/cul/2012/05-20/3901300.shtml,"亲友送别""长城保护第一人"" 马自树:他是文保之神"
http://politics.gmw.cn/2015-12/15/content_18100114.htm,http://zqb.cyol.com/html/2014-08/26/nw.D110000zgqnb_20140826_2-10.htm,《回乡记》：大学师生眼中的乡村中国
